Nombre_del_jugador,Club_del_Jugador,Part_jugados,puntos_clarin,Promedio_Puntos_Clarin,Puntos_Gran_DT,Promedio_Puntos_Gran_DT,Gol_de_Penal,Gol_en_Contra,Gol,Figura_de_la_cancha,Tarjeta_Amarilla,Tarjeta_roja,Penal_Errado,Valla_Invicta,Gol_de_Oro,Penal_atajado,Goles_recibidos
Blondel  Lucas,Tigre,6,35,5.83,56,9.33,0,0,1,1,0,0,0,3,0,,
Colombo  Nazareno,Def. y Justicia,5,27,5.4,42,8.4,0,0,1,1,0,1,0,2,0,,
Fabra  Frank,Boca,5,26,5.2,33,6.6,0,0,1,1,2,1,0,1,0,,
Garces  Facundo,Colon,6,35,5.83,46,7.67,0,0,1,0,1,0,0,1,0,,
Mura  Facundo,Racing,6,36,6,55,9.17,0,0,1,0,0,0,0,4,0,,
Almada  Facundo,Rosario Ctral.,6,31,5.17,55,9.17,0,0,2,0,0,0,0,2,0,,
Martinez  Mauricio,Racing,4,18,4.5,35,8.75,0,0,1,0,0,0,0,3,0,,
Diaz  Paulo,River,5,31,6.2,44,8.8,0,0,1,0,1,0,0,2,0,,
Rojas  Robert,River,4,20,5,37,9.25,0,0,1,0,0,0,0,3,0,,
Advincula  Luis,Boca,6,34,5.67,43,7.17,0,0,1,0,2,0,0,1,0,,
Aguirre  Braian,Lanus,4,22,5.5,35,8.75,0,0,1,0,0,0,0,1,0,,
Baez   Cristian,Rosario Ctral.,5,18,3.6,29,5.8,0,0,1,0,1,0,0,2,0,,
Mosevich  Leonel,Patronato,5,27,5.4,34,6.8,0,0,1,0,3,0,0,1,0,,
Ferrari  Gianluca,Godoy Cruz,6,31,5.17,36,6,0,0,1,0,2,0,0,0,0,,
Rogel  Agustin,Estudiantes,5,24,4.8,33,6.6,0,0,1,0,0,0,0,0,0,,
Perez  Matias,Lanus,6,32,5.33,54,9,0,0,2,0,2,0,0,3,0,,
Andueza  Federico,Sarmiento,6,33,5.5,42,7,0,0,1,0,2,0,0,2,0,,
Izquierdoz  Carlos,Boca,6,31,5.17,40,6.67,0,0,1,0,1,0,0,1,0,,
Mac Allister  Kevin,Argentinos,6,33,5.5,46,7.67,0,0,1,0,1,0,0,2,0,,
Polenta  Diego,Union,4,22,5.5,35,8.75,0,0,1,0,0,0,0,2,0,,
Tanco  Gregorio,Banfield,1,6,6,15,15,0,0,1,0,0,0,0,0,0,,
Tripichio  Nicolas,Def. y Justicia,6,32,5.33,41,6.83,0,0,1,0,1,0,0,1,0,,
Ferreyra  Nicolas,Barracas Ctral.,5,26,5.2,35,7,0,0,1,0,1,0,0,0,0,,
Giannetti  Lautaro,Velez,5,29,5.8,37,7.4,0,0,0,1,0,1,0,4,0,,
Luciatti  Abel,Tigre,6,34,5.67,44,7.33,0,0,0,1,0,0,0,3,0,,
Laso  Joaquin,Independiente,3,9,3,18,6,0,0,1,0,1,1,0,2,0,,
Zapata  Cristian,San Lorenzo,6,31,5.17,42,7,0,0,1,0,1,0,0,2,0,,
Glaby  Dylan,Barracas Ctral.,6,30,5,32,5.33,0,0,0,1,1,0,0,0,0,,
Lema  Cristian,Newell's,6,33,5.5,38,6.33,1,0,0,0,2,0,0,2,0,,
Ortiz  Guillermo,Godoy Cruz,6,35,5.83,35,5.83,0,0,0,1,2,0,0,0,0,,
Corvalan  Claudio,Union,6,31,5.17,41,6.83,0,0,0,1,1,0,0,4,0,,
De Los Santos  Matias,Velez,3,16,5.33,16,5.33,0,0,0,0,0,1,0,2,0,,
Komar  Juan Cruz,Rosario Ctral.,2,11,5.5,13,6.5,0,0,0,0,0,0,0,1,0,,
Muñoz  Ezequiel,Estudiantes,5,28,5.6,30,6,0,0,0,0,0,0,0,1,0,,
Perez  Rafael,Talleres,6,34,5.67,36,6,0,0,0,0,2,0,0,3,0,,
Quilez  Ismael,Huracan,6,36,6,40,6.67,0,0,0,0,1,0,0,3,0,,
Ruiz Diaz  Haibrany,Platense,5,30,6,30,6,0,0,0,0,2,0,0,2,0,,
Sigali  Leonardo,Racing,6,34,5.67,42,7,0,0,0,0,0,0,0,4,0,,
Bay  Jonathan,Ctral. Cordoba,6,32,5.33,34,5.67,0,0,0,0,0,0,0,1,0,,
Bettini  Gonzalo,Sarmiento,6,32,5.33,34,5.67,0,0,0,0,1,0,0,2,0,,
Britez  Emanuel,Union,6,32,5.33,38,6.33,0,0,0,0,2,0,0,5,0,,
Cabral  Yonathan,Lanus,4,19,4.75,23,5.75,0,0,0,0,0,0,0,2,0,,
Cabrera  Victor,Tigre,6,32,5.33,38,6.33,0,0,0,0,1,0,0,4,0,,
Calderon  Franco,Union,6,34,5.67,40,6.67,0,0,0,0,1,0,0,4,0,,
Casco  Milton,River,5,25,5,27,5.4,0,0,0,0,1,0,0,2,0,,
Chimino  Cristian,Arsenal,6,30,5,32,5.33,0,0,0,0,0,0,0,1,0,,
Demartini  Nicolas,Tigre,2,6,3,8,4,0,0,0,0,1,0,0,2,0,,
Fernandez  Damian,Velez,2,12,6,14,7,0,0,0,0,0,0,0,1,0,,
Fernandez Mercau  Nicolas,San Lorenzo,6,32,5.33,34,5.67,0,0,0,0,1,0,0,2,0,,
Galvan  Jonatan,Huracan,6,29,4.83,33,5.5,0,0,0,0,1,0,0,3,0,,
Gattoni  Federico,San Lorenzo,5,25,5,25,5,0,0,0,0,2,0,0,2,0,,
Gonzalez Pirez  Leandro,River,5,21,4.2,25,5,0,0,0,0,2,0,0,4,0,,
Guanini  Manuel,Sarmiento,4,17,4.25,19,4.75,0,0,0,0,1,0,0,2,0,,
Guidara  Tomas,Velez,6,30,5,34,5.67,0,0,0,0,1,0,0,3,0,,
Guiffrey  German,Gimnasia L.P.,3,15,5,17,5.67,0,0,0,0,1,0,0,2,0,,
Gomez  Elias,River,4,15,3.75,17,4.25,0,0,0,0,2,0,0,3,0,,
Gomez  Luciano,Argentinos,4,15,3.75,19,4.75,0,0,0,0,0,0,0,2,0,,
Ibañez  Cesar,Huracan,5,27,5.4,31,6.2,0,0,0,0,1,0,0,3,0,,
Insaurralde  Juan Manuel,Independiente,6,30,5,30,5,0,0,0,0,2,0,0,2,0,,
Insua  Emiliano,Racing,6,33,5.5,37,6.17,0,0,0,0,2,0,0,4,0,,
Jacob  Tomas,Newell's,1,6,6,8,8,0,0,0,0,0,0,0,1,0,,
Lollo  Luciano,Banfield,6,30,5,30,5,0,1,0,0,2,0,0,3,0,,
Lomonaco  Kevin,Lanus,5,19,3.8,17,3.4,0,0,0,0,0,1,0,1,0,,
Maidana  Jonatan,River,1,6,6,8,8,0,0,0,0,0,0,0,1,0,,
Maldonado  Alexis,Banfield,5,29,5.8,29,5.8,0,0,0,0,3,0,0,3,0,,
Mena  Eugenio,Racing,1,6,6,8,8,0,0,0,0,0,0,0,1,0,,
Meza  Eric,Colon,6,13,2.17,23,3.83,0,0,0,0,0,0,0,5,0,,
Montoya  Lautaro,Sarmiento,6,33,5.5,37,6.17,0,0,0,0,1,0,0,3,0,,
Morales  Leonardo,Gimnasia L.P.,6,30,5,32,5.33,0,0,0,0,1,0,0,2,0,,
Ortega  Francisco,Velez,6,28,4.67,34,5.67,0,0,0,0,1,0,0,4,0,,
Pasquini  Nicolas,Lanus,4,20,5,22,5.5,0,0,0,0,1,0,0,2,0,,
Peruzzi  Gino,San Lorenzo,4,20,5,24,6,0,0,0,0,0,0,0,2,0,,
Piovi  Gonzalo,Racing,6,32,5.33,36,6,0,0,0,0,2,0,0,4,0,,
Portillo  Juan Carlos,Union,6,32,5.33,40,6.67,0,0,0,0,0,0,0,4,0,,
Perez  Damian,Arsenal,5,25,5,25,5,0,0,0,0,1,0,0,1,0,,
Quinteros  Franco,Banfield,6,33,5.5,37,6.17,0,0,0,0,1,0,0,3,0,,
Sauro  Gaston,Sarmiento,3,18,6,18,6,0,0,0,0,1,0,0,1,0,,
Schott  Augusto,Platense,5,27,5.4,31,6.2,0,0,0,0,0,0,0,2,0,,
Suso  Gaston,Platense,4,16,4,22,5.5,0,0,0,0,0,0,0,3,0,,
Thaller  Nicolas,Atl. Tucuman,4,18,4.5,16,4,0,0,0,0,2,0,0,1,0,,
Tobio  Fernando,Huracan,6,30,5,30,5,0,0,0,0,3,0,0,3,0,,
Torren  Miguel angel,Argentinos,5,27,5.4,25,5,0,0,0,0,3,0,0,2,0,,
Vangioni  Leonel,Newell's,3,16,5.33,18,6,0,0,0,0,0,0,0,1,0,,
Vera  Federico,Union,4,21,5.25,27,6.75,0,0,0,0,1,0,0,4,0,,
Zambrano  Carlos,Boca,2,12,6,14,7,0,0,0,0,0,0,0,1,0,,
Herrera  Andres,River,2,7,3.5,9,4.5,0,0,0,0,0,0,0,1,0,,
Martinez  David,River,3,16,5.33,16,5.33,0,0,0,0,1,0,0,1,0,,
Sandoval  Jonathan,Colon,5,25,5,25,5,0,0,0,0,1,0,0,1,0,,
Abecasis  Luciano,Banfield,1,7,7,7,7,0,0,0,0,1,0,0,1,0,,
Bianchi  Bruno,Atl. Tucuman,5,25,5,21,4.2,0,0,0,0,3,0,0,1,0,,
Vigo  Alex,Independiente,6,31,5.17,33,5.5,0,0,0,0,1,0,0,2,0,,
Barreto  Sergio,Independiente,5,25,5,29,5.8,0,0,0,0,0,0,0,2,0,,
Benitez  Oliver,Patronato,2,10,5,12,6,0,0,0,0,0,0,0,1,0,,
Blanco  Lautaro,Rosario Ctral.,6,31,5.17,31,5.17,0,0,0,0,2,0,0,2,0,,
Bittolo  Mariano,Argentinos,4,14,3.5,18,4.5,0,0,0,0,0,0,0,2,0,,
Campos  Felipe,Atl. Tucuman,2,5,2.5,9,4.5,0,0,0,0,0,0,0,2,0,,
Catalan  Matias,Talleres,5,24,4.8,28,5.6,0,0,0,0,0,0,0,2,0,,
Coronel  Emanuel,Banfield,4,21,5.25,21,5.25,0,0,0,0,0,1,0,2,0,,
Delgado  Rafael,Colon,6,32,5.33,28,4.67,0,0,0,0,3,0,0,1,0,,
Di Benedetto  Matias,Ctral. Cordoba,3,14,4.67,16,5.33,0,0,0,0,0,0,0,1,0,,
Di Placido  Leonel,Lanus,4,14,3.5,20,5,0,0,0,0,0,0,0,3,0,,
Ditta  Willer,Newell's,6,29,4.83,29,4.83,0,0,0,0,3,0,0,3,0,,
Doldan  Jose,Atl. Tucuman,5,22,4.4,26,5.2,0,0,0,0,0,0,0,2,0,,
Esquivel  Lucas,Union,1,5,5,7,7,0,0,0,0,0,0,0,1,0,,
Fratta  Guillermo,Gimnasia L.P.,6,27,4.5,25,4.17,0,0,0,0,3,0,0,2,0,,
Gerometta  Francisco,Gimnasia L.P.,6,23,3.83,23,3.83,0,0,0,0,2,0,0,2,0,,
Goltz  Paolo,Colon,6,11,1.83,21,3.5,0,0,0,0,0,0,0,5,0,,
Gonzalez  Ramiro,Talleres,5,24,4.8,22,4.4,0,0,0,0,1,1,0,2,0,,
Goñi  Gonzalo,Arsenal,6,27,4.5,23,3.83,0,0,0,0,3,0,0,1,0,,
Infante  Juan Jose,Platense,5,26,5.2,28,5.6,0,0,0,0,0,0,0,1,0,,
Jara  Leonardo,Velez,2,5,2.5,7,3.5,0,0,0,0,0,0,0,1,0,,
Lucero  Rufino,Aldosivi,6,24,4,28,4.67,0,0,0,0,1,0,0,3,0,,
Lopez Quintana  Mario,Aldosivi,6,29,4.83,33,5.5,0,0,0,0,1,0,0,3,0,,
Malatini  Julian,Talleres,1,5,5,7,7,0,0,0,0,0,0,0,1,0,,
Martinez  Damian,Rosario Ctral.,6,28,4.67,30,5,0,0,0,0,1,0,0,2,0,,
Milo  Federico,Aldosivi,2,5,2.5,9,4.5,0,0,0,0,0,0,0,2,0,,
Mendez  Armando,Newell's,6,30,5,32,5.33,0,0,0,0,1,0,0,2,0,,
Novillo  Joaquin,Colon,6,30,5,30,5,0,0,0,0,2,0,0,2,0,,
Ortega  Thomas,Independiente,3,14,4.67,18,6,0,0,0,0,0,0,0,2,0,,
Pereyra  Fabio,Ctral. Cordoba,6,30,5,30,5,0,0,0,0,1,0,0,1,0,,
Pintado  Juan,Godoy Cruz,6,25,4.17,27,4.5,0,0,0,0,1,0,0,2,0,,
Perez  Walter,Huracan,2,5,2.5,9,4.5,0,0,0,0,0,0,0,2,0,,
Ramirez  Ivan,Ctral. Cordoba,6,30,5,32,5.33,0,0,0,0,0,0,0,1,0,,
Rojas  Gabriel,San Lorenzo,4,20,5,22,5.5,0,0,0,0,1,0,0,2,0,,
Roman Villalba  Fernando,Aldosivi,6,31,5.17,33,5.5,0,0,0,0,2,0,0,3,0,,
Suarez  Lucas,Arsenal,5,25,5,23,4.6,0,0,0,0,3,0,0,2,0,,
Valentini  Nicolas,Aldosivi,5,26,5.2,26,5.2,0,0,0,0,1,1,0,3,0,,
Villalba  Lucas,Argentinos,6,30,5,32,5.33,0,0,0,0,1,0,0,2,0,,
Andrade  Kevin,Platense,4,17,4.25,17,4.25,0,0,0,0,1,0,0,1,0,,
Beltran  Emanuel,Estudiantes,1,6,6,6,6,0,0,0,0,0,0,0,0,0,,
Bernabei  Alexandro,Lanus,5,25,5,21,4.2,0,0,0,0,3,0,0,1,0,,
Breitenbruch  Nestor,Godoy Cruz,6,30,5,30,5,0,0,0,0,0,0,0,0,0,,
Calderara  Brian,Barracas Ctral.,4,20,5,18,4.5,0,0,0,0,1,0,0,0,0,,
Castet  Facundo,Sarmiento,2,6,3,6,3,0,0,0,0,0,0,0,0,0,,
Godoy  Leonardo,Estudiantes,5,28,5.6,26,5.2,0,0,0,0,1,0,0,0,0,,
Gomez  Valentin,Velez,3,18,6,16,5.33,0,0,0,0,2,0,0,1,0,,
James  Jeremias,San Lorenzo,1,6,6,6,6,0,0,0,0,0,0,0,0,0,,
Lozano  Raul,Patronato,6,30,5,30,5,0,0,0,0,1,0,0,1,0,,
Lopez  Elias,Godoy Cruz,3,15,5,13,4.33,0,0,0,0,0,1,0,1,0,,
Maciel  Alejandro,Banfield,3,6,2,6,2,0,0,0,0,1,0,0,1,0,,
Mas  Emmanuel,Estudiantes,6,30,5,30,5,0,0,0,0,0,0,0,0,0,,
Negri  Franco,Godoy Cruz,2,11,5.5,11,5.5,0,0,0,0,0,0,0,0,0,,
Noguera  Fabian,Estudiantes,4,22,5.5,20,5,0,0,0,0,1,0,0,0,0,,
Prieto  Sebastian,Tigre,4,24,6,24,6,0,0,0,0,2,0,0,2,0,,
Rodriguez  Lucas,Independiente,3,12,4,12,4,0,0,0,0,1,0,0,1,0,,
alvarez  Francisco,Talleres,3,11,3.67,11,3.67,0,0,0,0,1,0,0,1,0,,
Frias  Adonis,Def. y Justicia,6,31,5.17,25,4.17,0,1,0,0,3,0,0,1,0,,
Luciano  Martin,Newell's,3,15,5,15,5,0,0,0,0,1,0,0,1,0,,
Aude  Julian,Lanus,1,4,4,6,6,0,0,0,0,0,0,0,1,0,,
Kruspzky  Lucas,Patronato,3,9,3,13,4.33,0,0,0,0,0,0,0,2,0,,
Soto  Alexis,Def. y Justicia,6,29,4.83,25,4.17,0,1,0,0,2,0,0,1,0,,
Agüero  Facundo,Union,1,5,5,5,5,0,0,0,0,0,0,0,0,0,,
Baldi  Agustin,Tigre,2,5,2.5,7,3.5,0,0,0,0,0,0,0,1,0,,
Benitez  Marcelo,Rosario Ctral.,4,9,2.25,11,2.75,0,0,0,0,0,0,0,1,0,,
Carrizo  Lucas,Huracan,1,5,5,5,5,0,0,0,0,0,0,0,0,0,,
Enrique  Guillermo,Gimnasia L.P.,1,5,5,5,5,0,0,0,0,0,0,0,0,0,,
Escobar  Ian,Banfield,2,5,2.5,7,3.5,0,0,0,0,0,0,0,1,0,,
Flores  Francisco,San Lorenzo,3,13,4.33,11,3.67,0,0,0,0,1,0,0,0,0,,
Gariglio  Ignacio,Arsenal,4,17,4.25,15,3.75,0,0,0,0,1,0,0,0,0,,
Gonzalez  Leonel,Godoy Cruz,5,14,2.8,14,2.8,0,0,0,0,1,0,0,1,0,,
Guasone  Juan Cruz,Patronato,4,17,4.25,15,3.75,0,0,0,0,1,0,0,0,0,,
Insua  Emanuel,Velez,6,5,0.83,11,1.83,0,0,0,0,1,0,0,4,0,,
Lecanda  Tomas,Barracas Ctral.,4,17,4.25,13,3.25,0,0,0,0,0,1,0,0,0,,
Lujan  Gonzalo,San Lorenzo,3,10,3.33,10,3.33,0,0,0,0,1,0,0,1,0,,
Martino  angelo,Talleres,4,15,3.75,15,3.75,0,0,0,0,1,0,0,1,0,,
Navarro  Ezequiel,Huracan,2,5,2.5,5,2.5,0,0,0,0,0,0,0,0,0,,
Ortiz  Marcelo,Atl. Tucuman,4,18,4.5,14,3.5,0,0,0,0,2,0,0,0,0,,
Paz  Gonzalo,Barracas Ctral.,6,29,4.83,27,4.5,0,0,0,0,1,0,0,0,0,,
Peñailillo  Nicolas,Union,1,5,5,5,5,0,0,0,0,0,0,0,0,0,,
Portillo  Marcos,Newell's,1,5,5,5,5,0,0,0,0,0,0,0,0,0,,
Quintana  Carlos,Patronato,2,8,4,6,3,0,0,0,0,1,0,0,0,0,,
Rojo  Marcos,Boca,5,25,5,23,4.6,0,0,0,0,2,0,0,1,0,,
Rosso  Jean Pierre,Sarmiento,2,5,2.5,5,2.5,0,0,0,0,0,0,0,0,0,,
Salomon  Oscar,Tigre,4,9,2.25,11,2.75,0,0,0,0,0,0,0,1,0,,
Sbuttoni  Franco,Ctral. Cordoba,4,15,3.75,7,1.75,0,0,0,0,2,1,0,0,0,,
Velazquez  Victor,Newell's,2,5,2.5,7,3.5,0,0,0,0,0,0,0,1,0,,
Cardozo  Facundo,Platense,2,5,2.5,5,2.5,0,0,0,0,1,0,0,1,0,,
Caceres  Juan,Racing,1,5,5,5,5,0,0,0,0,1,0,0,1,0,,
Iñiguez  Emanuel,Aldosivi,2,10,5,10,5,0,0,0,0,2,0,0,2,0,,
Diaz  Enzo,Talleres,4,22,5.5,10,2.5,0,0,0,0,3,1,1,1,0,,
Bordon  Axel,Barracas Ctral.,1,4,4,4,4,0,0,0,0,0,0,0,0,0,,
Cobos  Facundo,Patronato,5,17,3.4,17,3.4,0,0,0,0,1,0,0,1,0,,
Gutierrez  Thomas,Barracas Ctral.,1,4,4,4,4,0,0,0,0,0,0,0,0,0,,
Miers  Marcos,Aldosivi,1,4,4,4,4,0,0,0,0,0,0,0,0,0,,
Minissale  Pablo,Argentinos,3,4,1.33,8,2.67,0,0,0,0,0,0,0,2,0,,
Pinola  Javier,River,1,4,4,4,4,0,0,0,0,0,0,0,0,0,,
Risso Patron  Gabriel,Atl. Tucuman,3,12,4,12,4,0,0,0,0,0,0,0,0,0,,
Sandez  Agustin,Boca,2,8,4,8,4,0,0,0,0,0,0,0,0,0,,
Teuten  Andrew,Colon,4,4,1,10,2.5,0,0,0,0,0,0,0,3,0,,
Torrent  Fernando,Rosario Ctral.,3,4,1.33,8,2.67,0,0,0,0,0,0,0,2,0,,
Benavidez  Gaston,Talleres,2,5,2.5,5,2.5,0,0,0,0,1,0,0,1,0,,
Morgantini  Nicolas,Platense,2,5,2.5,3,1.5,0,0,0,0,1,0,0,0,0,,
Braghieri  Diego,Lanus,1,3,3,3,3,0,0,0,0,0,0,0,0,0,,
Martinez  Franco,Arsenal,1,4,4,2,2,0,0,0,0,0,1,0,1,0,,
Pignani  Juan Pablo,Platense,1,4,4,2,2,0,0,0,0,1,0,0,0,0,,
Asis  Gonzalo,Independiente,1,0,0,2,2,0,0,0,0,0,0,0,1,0,,
Banegas  Nahuel,Ctral. Cordoba,1,0,0,2,2,0,0,0,0,0,0,0,1,0,,
Blasi  Brian,Union,1,0,0,2,2,0,0,0,0,0,0,0,1,0,,
Dominguez  Nery,Racing,4,0,0,8,2,0,0,0,0,0,0,0,4,0,,
Gallardo  Nahuel,Colon,1,0,0,2,2,0,0,0,0,0,0,0,1,0,,
Geminiani  Lautaro,Patronato,1,0,0,2,2,0,0,0,0,0,0,0,1,0,,
Martinez  Enzo,Barracas Ctral.,1,0,0,2,2,0,0,0,0,0,0,0,1,0,,
Navas  Julian,Arsenal,1,0,0,2,2,0,0,0,0,0,0,0,1,0,,
Rodriguez  Juan Gabriel,Def. y Justicia,1,0,0,2,2,0,0,0,0,0,0,0,1,0,,
Rodriguez  Matias,Def. y Justicia,1,0,0,2,2,0,0,0,0,0,0,0,1,0,,
Figal  Nicolas,Boca,1,0,0,0,0,0,0,0,0,0,0,0,0,0,,
Silva  Hugo,Def. y Justicia,1,0,0,0,0,0,0,0,0,0,0,0,0,0,,
Rey  Rodrigo,Gimnasia L.P.,6,36,6,37,6.17,0,0,0,1,0,0,0,2,0,1,13
Moyano  Sebastian,Union,5,25,5,41,8.2,0,0,0,1,1,0,0,4,0,1,2
Bologna  Enrique,Banfield,6,36,6,40,6.67,0,0,0,0,1,0,0,3,0,1,7
Devecchi  Jose,Aldosivi,6,40,6.67,53,8.83,0,0,0,3,1,0,0,3,0,0,6
Rossi  Agustin,Boca,6,36,6,39,6.5,0,0,0,0,1,0,0,1,0,2,6
Armani  Franco,River,6,37,6.17,44,7.33,0,0,0,0,1,0,0,3,0,1,4
Herrera  Guido,Talleres,6,36,6,39,6.5,0,0,0,1,1,0,0,2,0,0,5
Unsain  Ezequiel,Def. y Justicia,6,37,6.17,34,5.67,0,0,0,1,0,0,0,1,0,0,10
Servio  Gaspar,Rosario Ctral.,6,34,5.67,34,5.67,0,0,0,1,1,0,0,2,0,0,8
Espinola  Juan,Godoy Cruz,6,33,5.5,24,4,0,1,0,1,0,0,0,0,0,0,11
Gomez  Gaston,Racing,6,44,7.33,52,8.67,0,0,0,0,0,0,0,4,0,0,4
Torrico  Sebastian,San Lorenzo,6,41,6.83,52,8.67,0,0,0,2,0,0,0,2,0,1,7
Toselli  Cristopher,Ctral. Cordoba,6,34,5.67,35,5.83,0,0,0,1,0,0,0,1,0,0,6
Ayala  Josue,Sarmiento,3,12,4,16,5.33,0,0,0,0,0,0,0,2,0,0,2
Mansilla  Matias,Patronato,6,35,5.83,34,5.67,0,0,0,1,0,0,0,1,0,0,8
Marinelli  Gonzalo,Tigre,6,38,6.33,42,7,0,0,0,0,1,0,0,3,0,0,3
Acosta  Lucas,Sarmiento,4,22,5.5,20,5,0,0,0,0,0,0,0,1,0,0,5
Bacchia  Renzo,Independiente,3,13,4.33,9,3,0,0,0,0,1,0,0,1,0,0,5
De Olivera  Jorge,Platense,6,36,6,36,6,0,0,0,0,0,0,0,2,0,0,6
Diaz  Marcos,Huracan,6,31,5.17,26,4.33,0,0,0,0,3,0,0,3,0,0,8
Hoyos  Lucas,Velez,6,33,5.5,36,6,0,0,0,0,1,0,0,3,0,0,4
Lanzillotta  Federico,Argentinos,6,32,5.33,29,4.83,0,0,0,0,1,0,0,2,0,0,7
Macagno  Ramiro,Newell's,3,18,6,18,6,0,0,0,0,0,0,0,1,0,0,3
Marchiori  Tomas,Atl. Tucuman,5,25,5,20,4,0,0,0,0,0,0,0,1,0,0,8
Medina  Alejandro,Arsenal,1,6,6,9,9,0,0,0,0,0,0,0,1,0,0,0
Mele  Santiago,Union,2,11,5.5,13,6.5,0,0,0,0,0,0,0,1,0,0,1
Monetti  Fernando,Lanus,6,26,4.33,26,4.33,0,0,0,0,0,0,0,2,0,0,6
Sosa  Sebastian,Independiente,2,11,5.5,12,6,0,0,0,0,0,0,0,1,0,0,2
Arboleda  Ivan,Newell's,3,13,4.33,11,3.67,0,0,0,0,0,0,0,1,0,0,5
Burian  Leonardo,Colon,6,35,5.83,33,5.5,0,0,0,0,0,0,0,1,0,0,5
Gagliardo  Maximiliano,Barracas Ctral.,4,23,5.75,18,4.5,0,0,0,0,0,0,0,0,0,0,5
Saracho  Rodrigo,Barracas Ctral.,3,16,5.33,10,3.33,0,0,0,0,0,0,0,0,0,0,6
Andujar  Mariano,Estudiantes,6,33,5.5,25,4.17,0,0,0,0,0,0,0,0,0,0,8
alvarez  Milton,Independiente,1,6,6,5,5,0,0,0,0,0,0,0,0,0,0,1
Werner  Axel,Arsenal,5,24,4.8,16,3.2,0,0,0,0,0,0,0,0,0,0,8
Morales  Lautaro,Lanus,1,0,0,1,1,0,0,0,0,1,0,0,1,0,0,0
Campisi  Nicolas,Atl. Tucuman,1,3,3,-1,-1,0,0,0,0,0,0,0,0,0,0,4
Gomez  Ivan,Platense,5,25,5,45,9,0,0,2,1,0,0,0,,0,,
Galoppo  Giuliano,Banfield,6,38,6.33,72,12,0,0,4,2,2,0,0,,0,,
Miranda  Leonel,Racing,6,41,6.83,63,10.5,0,0,2,2,1,0,0,,0,,
Quintero  Juan Fernando,River,6,37,6.17,55,9.17,2,0,1,1,0,0,0,,0,,
Aleman  Brahian,Gimnasia L.P.,5,31,6.2,30,6,1,0,1,1,5,0,1,,0,,
Zuqui  Fernando,Estudiantes,6,38,6.33,50,8.33,0,0,1,1,0,0,0,,0,,
Castro  Alexis,Tigre,6,33,5.5,43,7.17,0,0,1,1,0,0,0,,0,,
Castro  Nicolas,Newell's,6,33,5.5,51,8.5,0,0,2,1,0,0,0,,0,,
Pozzo  Tomas,Independiente,5,18,3.6,24,4.8,0,0,1,1,2,0,0,,0,,
Meli  Marcelo,Aldosivi,5,26,5.2,35,7,0,0,1,0,1,0,0,,1,,
Castro  Nicolas E.,Patronato,6,30,5,40,6.67,0,0,1,1,1,0,0,,0,,
Pellegrini  Matias,Estudiantes,4,24,6,30,7.5,0,0,1,1,2,0,0,,0,,
Alcaraz  Carlos,Racing,6,32,5.33,42,7,0,0,2,0,2,0,0,,0,,
Carabajal  Gabriel,Argentinos,6,35,5.83,41,6.83,0,0,1,0,1,0,0,,0,,
Gordillo  Yeison,San Lorenzo,5,26,5.2,28,5.6,0,0,1,0,1,1,0,,0,,
Martinez  Alejandro,Ctral. Cordoba,4,22,5.5,30,7.5,0,0,1,1,1,0,0,,0,,
Ojeda  Martin,Godoy Cruz,6,36,6,60,10,2,0,2,0,0,0,0,,0,,
Galarza  Matias,Argentinos,6,29,4.83,35,5.83,0,0,1,0,0,0,0,,0,,
alvarez  Juan Pablo,Banfield,6,36,6,42,7,0,0,1,0,0,0,0,,0,,
Arce  Carlos,Barracas Ctral.,3,17,5.67,23,7.67,0,0,1,0,1,0,0,,0,,
Benavidez  Carlos,Independiente,6,32,5.33,36,6,0,0,1,0,2,0,0,,0,,
Centurion  Ricardo,San Lorenzo,6,34,5.67,44,7.33,0,0,1,1,1,0,0,,0,,
Ibañez  Joaquin,Arsenal,5,25,5,33,6.6,0,0,1,0,0,0,0,,0,,
Roldan  Enzo,Union,4,16,4,24,6,0,0,1,0,0,0,0,,0,,
Sforza  Juan,Newell's,3,16,5.33,22,7.33,0,0,1,0,1,0,0,,0,,
Bernardi  Christian,Colon,5,27,5.4,33,6.6,0,0,1,0,0,0,0,,0,,
Kruspzky  Facundo,Arsenal,5,22,4.4,28,5.6,0,0,1,0,0,0,0,,0,,
Martegani  Agustin,San Lorenzo,6,29,4.83,33,5.5,0,0,1,0,1,0,0,,0,,
Zalazar  David,Argentinos,3,18,6,22,7.33,0,0,1,0,1,0,0,,0,,
Galvan  Tomas,Def. y Justicia,5,15,3,28,5.6,0,0,1,0,0,0,0,,1,,
Aliendro  Rodrigo,Colon,6,39,6.5,41,6.83,0,0,0,1,1,0,0,,0,,
Malcorra  Ignacio,Lanus,6,37,6.17,41,6.83,0,0,0,1,0,0,0,,0,,
Rodriguez  Jorge,Estudiantes,5,30,6,34,6.8,0,0,0,1,0,0,0,,0,,
Cardona  Edwin,Racing,4,23,5.75,26,6.5,1,0,0,0,1,0,0,,0,,
Acevedo  Jonas,Huracan,4,6,1.5,12,3,0,0,1,0,1,0,0,,0,,
Canteros  Hector,Platense,3,17,5.67,23,7.67,0,0,1,0,0,0,0,,0,,
Roa  Andres,Independiente,6,33,5.5,39,6.5,0,0,1,0,0,0,0,,0,,
Togni  Gaston,Independiente,6,31,5.17,35,5.83,0,0,1,0,1,0,0,,0,,
Fernandez  Enzo,River,6,38,6.33,43,7.17,1,0,0,1,1,0,0,,0,,
De La Cruz  Nicolas,River,3,17,5.67,21,7,0,0,1,0,1,0,0,,0,,
Fernandez  Julian,Newell's,6,34,5.67,34,5.67,0,0,0,2,4,0,0,,0,,
Lamberti  Hernan,Platense,6,35,5.83,39,6.5,0,0,0,1,0,0,0,,0,,
Lertora  Federico,Colon,6,33,5.5,35,5.83,0,0,0,1,1,0,0,,0,,
Mancilla  Harrinson,Sarmiento,4,17,4.25,17,4.25,0,0,1,0,3,0,0,,0,,
Nuñez  Gervasio,Sarmiento,2,7,3.5,11,5.5,0,0,0,1,0,0,0,,0,,
Ojeda  Emmanuel,Rosario Ctral.,5,28,5.6,30,6,0,0,0,1,1,0,0,,0,,
Gudiño  Gabriel,Patronato,6,34,5.67,36,6,0,0,1,0,3,0,0,,0,,
Fernandez  Guillermo,Boca,6,37,6.17,35,5.83,0,0,0,1,3,0,0,,0,,
Romero  Matias,Banfield,6,33,5.5,33,5.5,0,0,0,1,2,0,0,,0,,
Acevedo  Nelson,Godoy Cruz,6,34,5.67,30,5,0,0,0,0,2,0,0,,0,,
Campuzano  Jorman,Boca,6,28,4.67,28,4.67,0,0,0,0,0,0,0,,0,,
Domingo  Nicolas,Banfield,6,29,4.83,27,4.5,0,0,0,0,1,0,0,,0,,
Gonzalez  Diego,Boca,3,12,4,12,4,0,0,0,0,0,0,0,,0,,
Gutierrez  Kevin,Def. y Justicia,6,35,5.83,31,5.17,0,0,0,0,2,0,0,,0,,
Hezze  Santiago,Huracan,6,36,6,34,5.67,0,0,0,0,1,0,0,,0,,
Moreno  Anibal,Racing,4,24,6,22,5.5,0,0,0,0,1,0,0,,0,,
Nardoni  Juan,Union,5,28,5.6,24,4.8,0,0,0,0,0,1,0,,0,,
Perrone  Maximo,Velez,2,12,6,12,6,0,0,0,0,0,0,0,,0,,
Perez  Enzo,River,5,21,4.2,19,3.8,0,0,0,0,1,0,0,,0,,
Perez  Facundo,Lanus,6,33,5.5,29,4.83,0,0,0,0,2,0,0,,0,,
Schor  Ignacio,Platense,6,37,6.17,37,6.17,0,0,0,0,0,0,0,,0,,
Simon  Santiago,River,6,33,5.5,33,5.5,0,0,0,0,0,0,0,,0,,
Vera  Fausto,Argentinos,6,33,5.5,31,5.17,0,0,0,0,1,0,0,,0,,
Abrego  Gonzalo,Godoy Cruz,6,29,4.83,29,4.83,0,0,0,0,0,0,0,,0,,
Acosta  Guillermo,Atl. Tucuman,5,27,5.4,23,4.6,0,0,0,0,2,0,0,,0,,
Antilef  Alejo,Arsenal,4,11,2.75,11,2.75,0,0,0,0,0,0,0,,0,,
Arismendi  Yair,Sarmiento,5,25,5,23,4.6,0,0,0,0,1,0,0,,0,,
Baldassarra  Franco,Platense,5,12,2.4,12,2.4,0,0,0,0,0,0,0,,0,,
Banega  Tiago,Patronato,5,15,3,13,2.6,0,0,0,0,1,0,0,,0,,
Belmonte  Tomas,Lanus,6,32,5.33,24,4,0,0,0,0,4,0,0,,0,,
Bertolo  Nicolas,Platense,5,27,5.4,25,5,0,0,0,0,1,0,0,,0,,
Carrera  Ramiro,Atl. Tucuman,6,33,5.5,27,4.5,0,0,0,0,3,0,0,,0,,
Castro  Manuel,Estudiantes,6,32,5.33,32,5.33,0,0,0,0,0,0,0,,0,,
Cecchini  Emanuel,Gimnasia L.P.,6,31,5.17,25,4.17,0,0,0,0,3,0,0,,0,,
Cerutti  Ezequiel,San Lorenzo,5,16,3.2,14,2.8,0,0,0,0,1,0,0,,0,,
Chicco  Julian,Sarmiento,5,27,5.4,27,5.4,0,0,0,0,0,0,0,,0,,
Cristaldo  Franco,Huracan,6,34,5.67,32,5.33,0,0,0,0,1,0,0,,0,,
Deossa  Nelson,Estudiantes,3,12,4,12,4,0,0,0,0,0,0,0,,0,,
Diaz  Franco,Velez,3,6,2,6,2,0,0,0,0,0,0,0,,0,,
Farioli  Brian,Colon,3,6,2,6,2,0,0,0,0,0,0,0,,0,,
Fattori  Federico,Huracan,5,27,5.4,23,4.6,0,0,0,0,2,0,0,,0,,
Fernandez  Ezequiel,Tigre,5,22,4.4,22,4.4,0,0,0,0,0,0,0,,0,,
Florentin  Gabriel,Argentinos,6,26,4.33,22,3.67,0,0,0,0,2,0,0,,0,,
Garayalde  Nicolas,Velez,6,34,5.67,32,5.33,0,0,0,0,1,0,0,,0,,
Garcia  Diego,Patronato,3,16,5.33,16,5.33,0,0,0,0,0,0,0,,0,,
Grahl  Francisco,Ctral. Cordoba,5,27,5.4,25,5,0,0,0,0,1,0,0,,0,,
Insaurralde  Manuel,Gimnasia L.P.,5,15,3,15,3,0,0,0,0,0,0,0,,0,,
Juarez  Fernando,Talleres,6,29,4.83,29,4.83,0,0,0,0,0,0,0,,0,,
Laba  Matias,Ctral. Cordoba,6,31,5.17,29,4.83,0,0,0,0,1,0,0,,0,,
Leys  Franco,Patronato,4,19,4.75,19,4.75,0,0,0,0,0,0,0,,0,,
Loaiza  Raul,Def. y Justicia,5,27,5.4,25,5,0,0,0,0,1,0,0,,0,,
Maciel  Leandro,Aldosivi,6,30,5,30,5,0,0,0,0,0,0,0,,0,,
Mainero  Guido,Sarmiento,3,17,5.67,15,5,0,0,0,0,1,0,0,,0,,
Mater  Facundo,Barracas Ctral.,6,27,4.5,27,4.5,0,0,0,0,0,0,0,,0,,
Medina  Cristian,Boca,3,11,3.67,11,3.67,0,0,0,0,0,0,0,,0,,
Medina  Sebastian,Patronato,5,20,4,18,3.6,0,0,0,0,1,0,0,,0,,
Miloc  Dardo,Arsenal,6,30,5,26,4.33,0,0,0,0,2,0,0,,0,,
Morello  Matias,Aldosivi,4,22,5.5,20,5,0,0,0,0,1,0,0,,0,,
Mulet  Agustin,Velez,4,19,4.75,15,3.75,0,0,0,0,2,0,0,,0,,
Mendez  Emiliano,Sarmiento,6,32,5.33,28,4.67,0,0,0,0,2,0,0,,0,,
Mendez  Juan Ignacio,Talleres,2,11,5.5,11,5.5,0,0,0,0,0,0,0,,0,,
Picco  Leonel,Arsenal,2,12,6,12,6,0,0,0,0,0,0,0,,0,,
Pochettino  Tomas,River,3,10,3.33,10,3.33,0,0,0,0,0,0,0,,0,,
Prediger  Sebastian,Tigre,6,35,5.83,31,5.17,0,0,0,0,2,0,0,,0,,
Quiroga  Sergio,Sarmiento,6,28,4.67,28,4.67,0,0,0,0,0,0,0,,0,,
Ramirez  Juan,Boca,5,26,5.2,26,5.2,0,0,0,0,0,0,0,,0,,
Rojas  Matias,Racing,2,11,5.5,11,5.5,0,0,0,0,0,0,0,,0,,
Romero  Lucas,Independiente,6,30,5,26,4.33,0,0,0,0,2,0,0,,0,,
Romero  Oscar,Boca,1,6,6,6,6,0,0,0,0,0,0,0,,0,,
Rosane  Siro,San Lorenzo,1,6,6,6,6,0,0,0,0,0,0,0,,0,,
Russo  Facundo,Platense,3,12,4,12,4,0,0,0,0,0,0,0,,0,,
Soraire  Jesus,Ctral. Cordoba,5,28,5.6,26,5.2,0,0,0,0,1,0,0,,0,,
Sanchez  Braian,Arsenal,2,11,5.5,11,5.5,0,0,0,0,0,0,0,,0,,
Tesuri  Renzo,Atl. Tucuman,5,25,5,21,4.2,0,0,0,0,2,0,0,,0,,
Valenzuela  Carlos,Barracas Ctral.,4,20,5,20,5,0,0,0,0,0,0,0,,0,,
Vega  Cristian,Colon,4,16,4,16,4,0,0,0,0,0,0,0,,0,,
Vera  Lucas,Huracan,2,11,5.5,11,5.5,0,0,0,0,0,0,0,,0,,
Vismara  Federico,Sarmiento,2,6,3,6,3,0,0,0,0,0,0,0,,0,,
Vazquez  Fabio,Patronato,6,31,5.17,29,4.83,0,0,0,0,1,0,0,,0,,
Soñora  Alan,Independiente,6,22,3.67,26,4.33,0,0,1,0,1,0,0,,0,,
Molinas  Aaron,Boca,4,17,4.25,13,3.25,0,0,0,0,2,0,0,,0,,
Balzi  Guillermo,Newell's,4,10,2.5,8,2,0,0,0,0,1,0,0,,0,,
Blanco  Jonatan,Barracas Ctral.,3,10,3.33,8,2.67,0,0,0,0,1,0,0,,0,,
Bucca  Leonel,Union,2,5,2.5,3,1.5,0,0,0,0,1,0,0,,0,,
Buonanotte  Facundo,Rosario Ctral.,6,20,3.33,18,3,0,0,0,0,1,0,0,,0,,
Bustos  Abel,Ctral. Cordoba,2,5,2.5,5,2.5,0,0,0,0,0,0,0,,0,,
Cacciabue  Jeronimo,Newell's,3,10,3.33,10,3.33,0,0,0,0,0,0,0,,0,,
Cainelli  Nahuel,Godoy Cruz,3,10,3.33,10,3.33,0,0,0,0,0,0,0,,0,,
Cardozo  Agustin,Gimnasia L.P.,5,14,2.8,12,2.4,0,0,0,0,1,0,0,,0,,
Chavez  Lautaro,Gimnasia L.P.,5,14,2.8,14,2.8,0,0,0,0,0,0,0,,0,,
Colazo  Nicolas,Gimnasia L.P.,4,15,3.75,15,3.75,0,0,0,0,0,0,0,,0,,
Cristobal  Ramiro,Atl. Tucuman,3,9,3,9,3,0,0,0,0,0,0,0,,0,,
Caseres  Santiago,Velez,2,10,5,8,4,0,0,0,0,1,0,0,,0,,
Dominguez  Fabricio,Racing,4,5,1.25,5,1.25,0,0,0,0,0,0,0,,0,,
Datolo  Jesus,Banfield,4,10,2.5,13,3.25,1,0,0,0,0,0,0,,0,,
Esquivel  Matias,Talleres,3,10,3.33,8,2.67,0,0,0,0,1,0,0,,0,,
Florentin  Jose,Velez,3,14,4.67,14,4.67,0,0,0,0,0,0,0,,0,,
Garay  Martin,Atl. Tucuman,5,21,4.2,19,3.8,0,0,0,0,1,0,0,,0,,
Gil Romero  Gaston,Atl. Tucuman,4,19,4.75,17,4.25,0,0,0,0,1,0,0,,0,,
Gonzalez  Lucas,Independiente,4,15,3.75,15,3.75,0,0,0,0,0,0,0,,0,,
Gonzalez  angel,Lanus,5,22,4.4,22,4.4,0,0,0,0,0,0,0,,0,,
Gomez  Jonathan,Racing,5,14,2.8,12,2.4,0,0,0,0,1,0,0,,0,,
Hachen  Gabriel,Def. y Justicia,3,15,5,15,5,0,0,0,0,0,0,0,,0,,
Heredia  Leonardo,Atl. Tucuman,5,18,3.6,18,3.6,0,0,0,0,0,0,0,,0,,
Infantino  Gino,Rosario Ctral.,6,31,5.17,29,4.83,0,0,0,0,1,0,0,,0,,
Jaurena  Sebastian,Union,5,15,3,15,3,0,0,0,0,0,0,0,,0,,
Lamendola  Nicolas,Atl. Tucuman,3,10,3.33,10,3.33,0,0,0,0,0,0,0,,0,,
Lattanzio  Carlo,Estudiantes,4,10,2.5,8,2,0,0,0,0,1,0,0,,0,,
Leguizamon  Ivan,San Lorenzo,1,5,5,5,5,0,0,0,0,0,0,0,,0,,
Leyes  Bruno,Godoy Cruz,5,19,3.8,19,3.8,0,0,0,0,0,0,0,,0,,
Leyes  Nery,Gimnasia L.P.,2,10,5,8,4,0,0,0,0,1,0,0,,0,,
Machuca  Imanol,Union,2,10,5,10,5,0,0,0,0,0,0,0,,0,,
Martinez  Tomas,Aldosivi,6,25,4.17,25,4.17,0,0,0,0,0,0,0,,0,,
Menossi  Lucas,Tigre,3,10,3.33,10,3.33,0,0,0,0,0,0,0,,0,,
Montes  Rodrigo,Ctral. Cordoba,4,5,1.25,5,1.25,0,0,0,0,0,0,0,,0,,
Morel  Jorge,Estudiantes,5,24,4.8,14,2.8,0,0,0,0,3,1,0,,0,,
Moyano  Franco,Argentinos,2,5,2.5,3,1.5,0,0,0,0,1,0,0,,0,,
Oliva  Christian,Talleres,3,13,4.33,11,3.67,0,0,0,0,1,0,0,,0,,
Ortigoza  Nestor,San Lorenzo,5,5,1,5,1,0,0,0,0,0,0,0,,0,,
Paradela  Federico,Sarmiento,1,5,5,5,5,0,0,0,0,0,0,0,,0,,
Pereyra  Joaquin,Atl. Tucuman,4,19,4.75,17,4.25,0,0,0,0,1,0,0,,0,,
Pitton  Mauro,Arsenal,5,25,5,23,4.6,0,0,0,0,1,0,0,,0,,
Perez  Pablo,Newell's,5,25,5,17,3.4,0,0,0,0,4,0,0,,0,,
Rodriguez  Maximiliano,Barracas Ctral.,2,9,4.5,9,4.5,0,0,0,0,0,0,0,,0,,
Romero  Luciano,Barracas Ctral.,1,5,5,5,5,0,0,0,0,0,0,0,,0,,
Rios  Lautaro,Banfield,2,11,5.5,9,4.5,0,0,0,0,1,0,0,,0,,
Salvio  Eduardo,Boca,4,12,3,12,3,0,0,0,0,0,0,0,,0,,
Sosa  Ramon,Gimnasia L.P.,6,29,4.83,27,4.5,0,0,0,0,1,0,0,,0,,
Sanchez Miño  Juan,Colon,2,10,5,10,5,0,0,0,0,0,0,0,,0,,
Tapia  Ivan,Barracas Ctral.,6,29,4.83,27,4.5,0,0,0,0,1,0,0,,0,,
Valeri  Diego,Lanus,3,10,3.33,10,3.33,0,0,0,0,0,0,0,,0,,
Vecchio  Emiliano,Rosario Ctral.,6,27,4.5,17,2.83,0,0,0,0,1,0,2,,0,,
Villagra  Rodrigo,Talleres,5,23,4.6,23,4.6,0,0,0,0,0,0,0,,0,,
Vazquez  Juan Manuel,Barracas Ctral.,5,18,3.6,14,2.8,0,0,0,0,2,0,0,,0,,
Zabala  Cristian,Tigre,6,25,4.17,21,3.5,0,0,0,0,2,0,0,,0,,
Zacaria  Jonathan,Aldosivi,5,19,3.8,17,3.4,0,0,0,0,1,0,0,,0,,
Zenon  Kevin,Union,3,15,5,13,4.33,0,0,0,0,1,0,0,,0,,
Zuculini  Bruno,River,5,9,1.8,9,1.8,0,0,0,0,0,0,0,,0,,
Gonzales  Franz,Platense,4,14,3.5,12,3,0,1,0,0,0,0,0,,0,,
Henriquez  Fabian,Huracan,3,11,3.67,7,2.33,0,0,0,0,2,0,0,,0,,
Blanco  Domingo,Independiente,1,4,4,4,4,0,0,0,0,0,0,0,,0,,
Bogado  Mauro,Platense,3,4,1.33,4,1.33,0,0,0,0,0,0,0,,0,,
Burgoa  Valentin,Godoy Cruz,3,8,2.67,8,2.67,0,0,0,0,0,0,0,,0,,
Gonzalez  Maximiliano,Lanus,1,4,4,4,4,0,0,0,0,0,0,0,,0,,
Ludueña  Cristian,Talleres,2,4,2,4,2,0,0,0,0,0,0,0,,0,,
Muro  Tomas,Gimnasia L.P.,3,4,1.33,4,1.33,0,0,0,0,0,0,0,,0,,
Palavecino  Agustin,River,3,4,1.33,4,1.33,0,0,0,0,0,0,0,,0,,
Mancini  Valentin,Aldosivi,3,5,1.67,3,1,0,0,0,0,1,0,0,,0,,
Rios  Gonzalo,Ctral. Cordoba,2,5,2.5,3,1.5,0,0,0,0,1,0,0,,0,,
Silva  Tomas,San Lorenzo,1,5,5,3,3,0,0,0,0,1,0,0,,0,,
Tanlongo  Mateo,Rosario Ctral.,3,10,3.33,4,1.33,0,0,0,0,3,0,0,,0,,
Alanis  Gabriel,Def. y Justicia,4,0,0,0,0,0,0,0,0,0,0,0,,0,,
Almendra  Agustin,Boca,2,0,0,0,0,0,0,0,0,0,0,0,,0,,
Andrada  Juan,Banfield,2,0,0,0,0,0,0,0,0,0,0,0,,0,,
Barrios  Nahuel,San Lorenzo,2,0,0,0,0,0,0,0,0,0,0,0,,0,,
Cerro  Francisco,Aldosivi,1,0,0,0,0,0,0,0,0,0,0,0,,0,,
Covea  Michael,Rosario Ctral.,1,0,0,0,0,0,0,0,0,0,0,0,,0,,
Cuello  Brahian,Def. y Justicia,2,0,0,0,0,0,0,0,0,0,0,0,,0,,
Elias  Jalil,San Lorenzo,1,0,0,0,0,0,0,0,0,0,0,0,,0,,
Eseiza  Julian,Banfield,2,0,0,0,0,0,0,0,0,0,0,0,,0,,
Forclaz  Ezequiel,Tigre,2,0,0,0,0,0,0,0,0,0,0,0,,0,,
Galmarini  Martin,Tigre,2,0,0,0,0,0,0,0,0,0,0,0,,0,,
Gino  Federico,Aldosivi,1,0,0,0,0,0,0,0,0,0,0,0,,0,,
Gonzalez  Maximiliiano,Lanus,1,0,0,0,0,0,0,0,0,0,0,0,,0,,
Iritier  Javier,Aldosivi,1,0,0,0,0,0,0,0,0,0,0,0,,0,,
Machado  William,Arsenal,1,0,0,0,0,0,0,0,0,0,0,0,,0,,
Mercado  Diego,Huracan,1,0,0,0,0,0,0,0,0,0,0,0,,0,,
Ojeda  Agustin,Racing,1,0,0,0,0,0,0,0,0,0,0,0,,0,,
Orosco  Brian,Estudiantes,1,0,0,0,0,0,0,0,0,0,0,0,,0,,
Ortiz  Kevin,Rosario Ctral.,1,0,0,0,0,0,0,0,0,0,0,0,,0,,
Palacios  Julian,Banfield,1,0,0,0,0,0,0,0,0,0,0,0,,0,,
Paradela  Jose,River,3,0,0,-2,-0.67,0,0,0,0,1,0,0,,0,,
Pereira  Guillermo,Godoy Cruz,1,0,0,0,0,0,0,0,0,0,0,0,,0,,
Pereyra  Valentin,Patronato,2,0,0,0,0,0,0,0,0,0,0,0,,0,,
Pinto  Axel,Ctral. Cordoba,1,0,0,0,0,0,0,0,0,0,0,0,,0,,
Rolon  Esteban,Boca,1,0,0,0,0,0,0,0,0,0,0,0,,0,,
Sabella  Alexis,San Lorenzo,3,0,0,0,0,0,0,0,0,0,0,0,,0,,
Soñora  Joel,Velez,1,0,0,0,0,0,0,0,0,0,0,0,,0,,
Toledo  Hernan,Estudiantes,3,0,0,0,0,0,0,0,0,0,0,0,,0,,
Toranzo  Patricio,Huracan,3,0,0,-2,-0.67,0,0,0,0,1,0,0,,0,,
Valdez Chamorro  Jorge,Patronato,2,0,0,0,0,0,0,0,0,0,0,0,,0,,
Varela  Alan,Boca,1,0,0,0,0,0,0,0,0,0,0,0,,0,,
Vega  Gabriel,Boca,1,0,0,0,0,0,0,0,0,0,0,0,,0,,
Yacob  Claudio,Rosario Ctral.,1,0,0,0,0,0,0,0,0,0,0,0,,0,,
Femia  Nicolas,Sarmiento,1,0,0,-2,-2,0,0,0,0,1,0,0,,0,,
Linares  Nicolas,Ctral. Cordoba,1,0,0,-2,-2,0,0,0,0,1,0,0,,0,,
Veron  Deian,Ctral. Cordoba,1,0,0,-2,-2,0,0,0,0,1,0,0,,0,,
alvarez  Julian,River,5,32,6.4,51,10.2,1,0,3,1,0,0,0,,0,,
Villa  Sebastian,Boca,6,35,5.83,47,7.83,0,0,2,1,2,0,0,,0,,
Benedetto  Dario,Boca,4,26,6.5,45,11.25,1,0,2,1,0,0,0,,0,,
Bullaude  Ezequiel,Godoy Cruz,6,37,6.17,55,9.17,0,0,3,1,0,0,0,,0,,
avalos  Gabriel,Argentinos,6,33,5.5,45,7.5,0,0,2,1,0,0,0,,0,,
Pizzini  Francisco,Def. y Justicia,6,39,6.5,55,9.17,0,0,2,2,1,0,0,,0,,
Bergessio  Gonzalo,Platense,6,33,5.5,45,7.5,1,0,1,1,2,0,0,,1,,
Urzi  Agustin,Banfield,6,38,6.33,40,6.67,0,0,1,1,3,0,0,,0,,
Beltran  Lucas,Colon,6,29,4.83,49,8.17,0,0,3,1,0,0,0,,0,,
Gonzalez Metilli  Francisco,Ctral. Cordoba,6,34,5.67,44,7.33,0,0,1,1,0,0,0,,0,,
Lopez  Jose Manuel,Lanus,6,33,5.5,43,7.17,0,0,2,1,2,0,0,,0,,
Rodriguez  Luis,Colon,6,38,6.33,53,8.83,1,0,1,2,1,0,0,,0,,
Ruben  Marco,Rosario Ctral.,5,24,4.8,33,6.6,1,0,1,1,2,0,0,,0,,
Torres  Jonatan,Sarmiento,6,38,6.33,53,8.83,1,0,2,1,1,0,0,,0,,
Coccaro  Matias,Huracan,6,39,6.5,61,10.17,0,0,3,3,2,0,0,,0,,
Diaz  Alexander,Arsenal,6,33,5.5,41,6.83,0,0,1,1,0,0,0,,0,,
Lopez  Lisandro,Sarmiento,3,20,6.67,28,9.33,0,0,1,1,0,0,0,,0,,
Merentiel  Miguel,Def. y Justicia,6,38,6.33,56,9.33,0,0,4,1,1,0,1,,0,,
Luna Diale  Mauro,Union,3,17,5.67,24,8,1,0,0,1,0,0,0,,0,,
Andrada  Federico,Atl. Tucuman,5,25,5,33,6.6,0,0,1,1,0,0,0,,0,,
Boselli  Mauro,Estudiantes,6,19,3.17,40,6.67,1,0,3,1,0,0,0,,0,,
Mouche  Pablo,Barracas Ctral.,6,32,5.33,40,6.67,0,0,1,1,0,0,0,,0,,
alvez  Jonatan,Union,6,36,6,48,8,0,0,2,2,2,0,0,,0,,
Benegas  Leandro,Independiente,3,19,6.33,25,8.33,0,0,1,0,0,0,0,,0,,
Magnin  Pablo,Tigre,4,17,4.25,23,5.75,0,0,1,0,0,0,0,,0,,
Barco  Esequiel,River,6,38,6.33,44,7.33,0,0,1,1,1,0,0,,0,,
Colidio  Facundo,Tigre,6,29,4.83,33,5.5,0,0,0,1,0,0,0,,0,,
Bou  Walter,Def. y Justicia,6,36,6,40,6.67,0,0,1,0,1,0,0,,0,,
Copetti  Enzo,Racing,6,23,3.83,31,5.17,0,0,2,0,1,0,0,,0,,
Hauche  Gabriel,Racing,6,41,6.83,59,9.83,0,0,2,2,0,0,0,,0,,
Marquez  Rodrigo,Independiente,5,12,2.4,18,3.6,0,0,1,0,0,0,0,,0,,
Pisano  Matias,Aldosivi,6,28,4.67,34,5.67,0,0,1,0,0,0,0,,0,,
Protti  Ijiel,Tigre,6,37,6.17,43,7.17,0,0,1,0,0,0,0,,0,,
Rotondi  Rodolfo,Def. y Justicia,6,35,5.83,45,7.5,0,0,2,0,0,0,0,,0,,
Tarragona  Cristian,Gimnasia L.P.,6,33,5.5,41,6.83,0,0,2,0,1,0,0,,0,,
Candia  Jhonatan,Huracan,6,35,5.83,47,7.83,2,0,2,0,1,0,0,,0,,
Farias  Facundo,Colon,6,30,5,34,5.67,0,0,1,0,0,0,0,,0,,
Orellano  Luca,Velez,6,33,5.5,41,6.83,0,0,1,1,0,0,0,,0,,
Cauteruccio  Martin,Aldosivi,5,30,6,46,9.2,0,0,3,0,0,0,0,,0,,
Rodriguez  Salomon,Godoy Cruz,4,20,5,30,7.5,0,0,2,0,1,0,0,,0,,
Sepulveda  Bruno,Barracas Ctral.,5,26,5.2,30,6,0,0,1,0,1,0,0,,0,,
Brea  Julian,Sarmiento,6,36,6,44,7.33,0,0,1,1,0,0,0,,0,,
Castro  Santiago,Velez,3,14,4.67,16,5.33,0,0,0,1,1,0,0,,0,,
Diaz  Leandro,Estudiantes,6,36,6,48,8,0,0,4,0,2,0,1,,0,,
Janson  Lucas,Velez,6,33,5.5,41,6.83,0,0,2,0,0,0,0,,0,,
Lopez  Renzo,Ctral. Cordoba,6,28,4.67,32,5.33,0,0,2,0,3,0,0,,0,,
Pratto  Lucas,Velez,6,31,5.17,35,5.83,0,0,0,1,0,0,0,,0,,
Retegui  Mateo,Tigre,6,23,3.83,27,4.5,0,0,1,0,0,0,0,,0,,
Nuss  Thiago,Argentinos,6,4,0.67,15,2.5,0,0,1,0,0,0,0,,1,,
Cruz  Juan Manuel,Banfield,6,32,5.33,35,5.83,1,0,0,0,0,0,0,,0,,
Lomonaco  Sebastian,Arsenal,6,34,5.67,45,7.5,1,0,2,0,1,0,0,,0,,
Bandiera  Neri,Barracas Ctral.,5,19,3.8,29,5.8,0,0,2,0,0,0,0,,0,,
Correa  Javier,Racing,3,15,5,15,5,0,0,1,0,0,0,1,,0,,
Enrique  Ramiro,Banfield,1,6,6,10,10,0,0,1,0,1,0,0,,0,,
Garcia  Juan Manuel,Newell's,6,29,4.83,31,5.17,0,0,1,0,2,0,0,,0,,
Garro  Juan Fernando,Newell's,6,29,4.83,31,5.17,0,0,1,0,1,0,0,,0,,
Gonzalez  Francisco,Newell's,6,33,5.5,37,6.17,0,0,1,0,0,0,0,,0,,
Lotti  Augusto,Atl. Tucuman,5,24,4.8,26,5.2,0,0,1,0,1,0,0,,0,,
Sand  Jose,Lanus,6,28,4.67,32,5.33,0,0,1,0,0,0,0,,0,,
Sordo  Ramiro,Newell's,6,29,4.83,33,5.5,0,0,1,0,0,0,0,,0,,
Toledo  Javier,Sarmiento,3,16,5.33,18,6,0,0,1,0,1,0,0,,0,,
Brochero  Lucas,Arsenal,5,29,5.8,29,5.8,0,0,1,0,2,0,0,,0,,
Fontana  Agustin,Def. y Justicia,6,6,1,15,2.5,0,0,1,0,1,0,0,,1,,
Girotti  Federico,Talleres,5,26,5.2,22,4.4,0,0,1,0,2,1,0,,0,,
Batallini  Damian,Independiente,5,30,6,30,6,0,0,0,0,0,0,0,,0,,
Cabrera  Javier,Argentinos,6,36,6,34,5.67,0,0,0,0,1,0,0,,0,,
Coronel  Mateo,Argentinos,5,11,2.2,11,2.2,0,0,0,0,0,0,0,,0,,
Gonzalez  Gaston,Union,6,34,5.67,32,5.33,0,0,0,0,1,0,0,,0,,
Reniero  Nicolas,Argentinos,5,24,4.8,22,4.4,0,0,0,0,1,0,0,,0,,
Argañaraz  Abel,Ctral. Cordoba,6,27,4.5,29,4.83,0,0,1,0,1,0,0,,0,,
Badaloni  Tomas,Godoy Cruz,6,25,4.17,25,4.17,0,0,0,0,0,0,0,,0,,
Bajamich  Mateo,Huracan,3,14,4.67,14,4.67,0,0,0,0,0,0,0,,0,,
Barrios  Lucas,Patronato,5,25,5,23,4.6,0,0,0,0,1,0,0,,0,,
Bouzat  Agustin,Velez,6,26,4.33,24,4,0,0,0,0,1,0,0,,0,,
Braida  Malcom,San Lorenzo,6,21,3.5,21,3.5,0,0,0,0,0,0,0,,0,,
Cabral  Rodrigo,Huracan,6,32,5.33,30,5,0,0,0,0,1,0,0,,0,,
Chancalay  Tomas,Racing,6,26,4.33,24,4,0,0,0,0,1,0,0,,0,,
Curruhinca  Agustin,Huracan,4,11,2.75,11,2.75,0,0,0,0,0,0,0,,0,,
Del Prete  Gustavo,Estudiantes,5,27,5.4,23,4.6,0,0,0,0,2,0,0,,0,,
Fernandez  Julian,Velez,3,6,2,4,1.33,0,0,0,0,1,0,0,,0,,
Fernandez  Nicolas Emanuel,San Lorenzo,6,29,4.83,25,4.17,0,0,0,0,0,0,1,,0,,
Fertoli  Hector,Talleres,6,23,3.83,23,3.83,0,0,0,0,0,0,0,,0,,
Gamba  Lucas,Rosario Ctral.,6,29,4.83,29,4.83,0,0,0,0,0,0,0,,0,,
Garro  Rodrigo,Talleres,5,25,5,23,4.6,0,0,0,0,1,0,0,,0,,
Giani  Justo,Newell's,2,11,5.5,9,4.5,0,0,0,0,1,0,0,,0,,
Gondou  Luciano,Sarmiento,4,17,4.25,17,4.25,0,0,0,0,0,0,0,,0,,
Juarez  Daniel,Union,6,31,5.17,29,4.83,0,0,0,0,1,0,0,,0,,
Lopez  Erik,Banfield,3,11,3.67,11,3.67,0,0,0,0,0,0,0,,0,,
Martinez  Braian,Aldosivi,2,11,5.5,11,5.5,0,0,0,0,0,0,0,,0,,
Mosquera  Edwin,Aldosivi,4,22,5.5,22,5.5,0,0,0,0,0,0,0,,0,,
Ortiz  Mauro,Patronato,6,28,4.67,28,4.67,0,0,0,0,0,0,0,,0,,
Perales  Jeremias,Banfield,3,10,3.33,10,3.33,0,0,0,0,0,0,0,,0,,
Peralta Bauer  Mariano,Union,4,21,5.25,21,5.25,0,0,0,0,0,0,0,,0,,
Ramirez  Matias,Godoy Cruz,4,24,6,20,5,0,0,0,0,0,1,0,,0,,
Rincon  Sebastian,Barracas Ctral.,2,6,3,6,3,0,0,0,0,0,0,0,,0,,
Ruiz Rodriguez  Ramiro,Atl. Tucuman,3,11,3.67,11,3.67,0,0,0,0,0,0,0,,0,,
Silva  Santiago,Aldosivi,6,30,5,30,5,0,0,0,0,0,0,0,,0,,
Sosa  Alexander,Patronato,4,21,5.25,21,5.25,0,0,0,0,0,0,0,,0,,
Sosa Sanchez  Sebastian,Velez,4,15,3.75,15,3.75,0,0,0,0,0,0,0,,0,,
Tijanovich  Horacio,Platense,4,22,5.5,18,4.5,0,0,0,0,2,0,0,,0,,
Valoyes  Diego,Talleres,2,11,5.5,11,5.5,0,0,0,0,0,0,0,,0,,
Castro  Facundo,Barracas Ctral.,5,19,3.8,25,5,0,0,1,0,0,0,0,,0,,
Martinez Dupuy  Luca,Rosario Ctral.,5,5,1,11,2.2,0,0,1,0,0,0,0,,0,,
Carbonero  Johan,Gimnasia L.P.,6,30,5,26,4.33,0,0,0,0,2,0,0,,0,,
Acosta  Lautaro,Lanus,3,10,3.33,10,3.33,0,0,0,0,0,0,0,,0,,
Allende  Tadeo,Godoy Cruz,4,18,4.5,18,4.5,0,0,0,0,0,0,0,,0,,
Apaolaza  Francisco,Arsenal,4,10,2.5,10,2.5,0,0,0,0,0,0,0,,0,,
Arias  Junior,Barracas Ctral.,3,13,4.33,13,4.33,0,0,0,0,0,0,0,,0,,
Blandi  Nicolas,San Lorenzo,2,10,5,10,5,0,0,0,0,0,0,0,,0,,
Contreras  Rodrigo,Platense,4,5,1.25,7,1.75,0,0,1,0,1,0,0,,0,,
Delgadillo  Nicolas,Platense,3,15,5,15,5,0,0,0,0,0,0,0,,0,,
Fernandez  Leandro,Independiente,6,26,4.33,22,3.67,0,0,0,0,2,0,0,,0,,
Funez  Nazareno,Newell's,2,5,2.5,9,4.5,0,0,1,0,0,0,0,,0,,
Godoy  Matias,Talleres,3,12,4,12,4,0,0,0,0,0,0,0,,0,,
Herrera  Jonathan,Patronato,6,17,2.83,17,2.83,0,0,0,0,0,0,0,,0,,
Isnaldo  Eugenio,Atl. Tucuman,5,9,1.8,9,1.8,0,0,0,0,0,0,0,,0,,
Kaprof  Juan,Ctral. Cordoba,4,14,3.5,14,3.5,0,0,0,0,0,0,0,,0,,
Lago  Ignacio,Talleres,3,14,4.67,14,4.67,0,0,0,0,0,0,0,,0,,
Marinelli  Alan,Estudiantes,4,9,2.25,9,2.25,0,0,0,0,0,0,0,,0,,
Menendez  Cristian,Atl. Tucuman,4,8,2,8,2,0,0,0,0,0,0,0,,0,,
Montoya  Walter,Rosario Ctral.,6,29,4.83,27,4.5,0,0,0,0,1,0,0,,0,,
Obando  Agustin,Tigre,5,9,1.8,9,1.8,0,0,0,0,0,0,0,,0,,
Orozco  Franco,Lanus,3,5,1.67,5,1.67,0,0,0,0,0,0,0,,0,,
Orsini  Nicolas,Boca,3,5,1.67,3,1,0,0,0,0,1,0,0,,0,,
Ramos  Leonardo,Union,4,15,3.75,15,3.75,0,0,0,0,0,0,0,,0,,
Reasco  Djorkaeff,Newell's,3,10,3.33,10,3.33,0,0,0,0,0,0,0,,0,,
Riaño  Claudio,Ctral. Cordoba,3,9,3,7,2.33,0,0,0,0,1,0,0,,0,,
Romero  Braian,River,5,14,2.8,18,3.6,0,0,1,0,0,0,0,,0,,
Rios  Andres,Aldosivi,4,9,2.25,9,2.25,0,0,0,0,0,0,0,,0,,
Santos  Michael,Talleres,2,5,2.5,5,2.5,0,0,0,0,0,0,0,,0,,
Soldano  Franco,Gimnasia L.P.,5,13,2.6,13,2.6,0,0,0,0,0,0,0,,0,,
Spetale  Aaron,Estudiantes,1,5,5,5,5,0,0,0,0,0,0,0,,0,,
Suarez  Matias,River,1,5,5,5,5,0,0,0,0,0,0,0,,0,,
Veron  Gaston,Argentinos,3,5,1.67,5,1.67,0,0,0,0,0,0,0,,0,,
Vides  Bruno,Huracan,2,5,2.5,5,2.5,0,0,0,0,0,0,0,,0,,
Viola  Valentin,Barracas Ctral.,2,5,2.5,5,2.5,0,0,0,0,0,0,0,,0,,
Vazquez  Luis,Boca,5,10,2,10,2,0,0,0,0,0,0,0,,0,,
abila  Ramon,Colon,4,10,2.5,10,2.5,0,0,0,0,0,0,0,,0,,
Bareiro  Adam,San Lorenzo,5,19,3.8,13,2.6,0,0,0,0,3,0,0,,0,,
Zeballos  Exequiel,Boca,5,6,1.2,2,0.4,0,0,0,0,2,0,0,,0,,
Batalla  Emerson,Talleres,3,8,2.67,6,2,0,0,0,0,1,0,0,,0,,
Coman  Franco,Atl. Tucuman,2,4,2,4,2,0,0,0,0,0,0,0,,0,,
Esquivel  Juan Cruz,Talleres,2,4,2,4,2,0,0,0,0,0,0,0,,0,,
Isa Luna  Kevin,Atl. Tucuman,1,4,4,4,4,0,0,0,0,0,0,0,,0,,
Mansilla  Brian,Platense,3,8,2.67,6,2,0,0,0,0,1,0,0,,0,,
Ribas  Sebastian,Ctral. Cordoba,5,8,1.6,8,1.6,0,0,0,0,0,0,0,,0,,
Romero  Julian,Independiente,1,4,4,4,4,0,0,0,0,0,0,0,,0,,
Zapiola  Franco,Estudiantes,2,4,2,4,2,0,0,0,0,0,0,0,,0,,
Garcia  Eduardo,San Lorenzo,1,5,5,3,3,0,0,0,0,1,0,0,,0,,
Albertengo  Lucas,Def. y Justicia,1,0,0,0,0,0,0,0,0,0,0,0,,0,,
Amaya  Abel,Banfield,1,0,0,0,0,0,0,0,0,0,0,0,,0,,
Caraglio  Milton,Rosario Ctral.,2,0,0,0,0,0,0,0,0,0,0,0,,0,,
Colman  Cristian,Arsenal,2,0,0,0,0,0,0,0,0,0,0,0,,0,,
Cordero  Nicolas,Huracan,2,0,0,0,0,0,0,0,0,0,0,0,,0,,
Cuadra  Maximiliano,Banfield,1,0,0,0,0,0,0,0,0,0,0,0,,0,,
Cvitanich  Dario,Banfield,2,0,0,0,0,0,0,0,0,0,0,0,,0,,
Dominguez  Alexis,Gimnasia L.P.,1,0,0,0,0,0,0,0,0,0,0,0,,0,,
Dominguez  Benjamin,Gimnasia L.P.,2,0,0,0,0,0,0,0,0,0,0,0,,0,,
Gallegos  Matias,Union,1,0,0,0,0,0,0,0,0,0,0,0,,0,,
Gallo  Agustin,Ctral. Cordoba,1,0,0,0,0,0,0,0,0,0,0,0,,0,,
Garre  Benjamin,Racing,2,0,0,0,0,0,0,0,0,0,0,0,,0,,
Gonzalez  Federico,Platense,1,0,0,0,0,0,0,0,0,0,0,0,,0,,
Leguizamon  Nicolas,Colon,1,0,0,0,0,0,0,0,0,0,0,0,,0,,
Maestro Puch  Ignacio,Atl. Tucuman,1,0,0,0,0,0,0,0,0,0,0,0,,0,,
Osorio  Abiel,Velez,2,0,0,0,0,0,0,0,0,0,0,0,,0,,
Sanabria  Mateo,Lanus,5,0,0,0,0,0,0,0,0,0,0,0,,0,,
Sandoval  Tomas,Platense,1,0,0,0,0,0,0,0,0,0,0,0,,0,,
Torres  Edwin,Arsenal,5,0,0,0,0,0,0,0,0,0,0,0,,0,,
